Palavra,Custo,Cliques,Impressões,Conversões,Principais consultas com a palavra
encanador,"R$ 45,95",38,622,"0,00","(encanador uberlandia, encanador uberaba, encanador)"
vazamento,"R$ 48,29",46,517,"0,00","(caça vazamento uberlandia, vazamento de agua uberlandia, caça vazamento)"
de,"R$ 45,51",36,449,"0,00","(vazamento de agua uberlandia, caça vazamento de agua, como descobrir vazamento de agua)"
uberlandia,"R$ 31,92",29,438,"0,00","(encanador uberlandia, caça vazamento uberlandia, encanador em uberlandia)"
água,"R$ 14,62",14,220,"0,00","(vazamento de água, detector de vazamento de água, detector de vazamento de água caseiro)"
em,"R$ 8,82",8,203,"0,00","(encanador em uberlandia, desentupidora em uberlandia, encanador em uberlândia)"
como,"R$ 18,18",17,162,"0,00","(como descobrir vazamento de agua, como resolver vazamento de água, como detectar vazamento de água)"
uberaba,"R$ 14,38",13,146,"0,00","(encanador uberaba, desentupidora em uberaba, encanador uberaba telefone)"
caça vazamento,"R$ 16,55",17,146,"0,00","(caça vazamento uberlandia, caça vazamento, caça vazamento de agua)"
desentupidora,"R$ 1,76",2,125,"0,00","(desentupidora em uberlandia, desentupidora, desentupidora em uberlândia)"
uberlândia,"R$ 5,13",4,125,"0,00","(encanador 24 horas uberlândia, encanador em uberlândia, encanador uberlândia)"
agua,"R$ 12,24",11,112,"0,00","(vazamento de agua uberlandia, caça vazamento de agua, como descobrir vazamento de agua)"
vazando,"R$ 2,84",2,100,"0,00","(válvula de descarga astra vazando, aquecedor solar vazando água na placa, registro do chuveiro vazando na parede)"
do,"R$ 3,79",3,65,"0,00","(salete casa do encanador uberlândia, casa do encanador uberlandia, clube do vazamento)"
banheiro,"R$ 1,49",2,54,"0,00","(lista de material para encanamento de banheiro, infiltração teto banheiro apartamento, encanamento de banheiro esgoto)"
bombeiro,"R$ 4,05",4,52,"0,00","(bombeiro hidraulico uberlandia, bombeiro hidraulico, bombeiro hidráulico)"
na,"R$ 6,29",5,50,"0,00","(vazamento de água na parede, aquecedor solar vazando água na placa, registro do chuveiro vazando na parede)"
hidráulica,"R$ 2,78",2,48,"0,00","(hidráulica araguari, hidráulica são paulo, hidráulica uberlândia)"
araguari,"R$ 7,94",6,47,"0,00","(encanador araguari, hidráulica araguari, desentupidora araguari)"
vazamentos,"R$ 2,29",2,47,"0,00","(caça vazamentos uberlandia, central vazamentos, vazamentos)"
geofone,"R$ 1,71",1,44,"0,00","(geofone, geofone preço, geofone vazamento)"
para,"R$ 2,05",1,44,"0,00","(aparelho para achar vazamento de água, lista de material para encanamento de banheiro, aparelho para detectar vazamento de água)"
24,"R$ 0,52",1,42,"0,00","(encanador 24 horas uberlândia, encanador 24 horas, bombeiro hidráulico 24 horas juiz de fora)"
telhado,"R$ 0,00",0,42,"0,00","(conserto telhado vazamento, goteiras no telhado, borracha liquida para telhado)"
24 horas,"R$ 0,52",1,41,"0,00","(encanador 24 horas uberlândia, encanador 24 horas, bombeiro hidráulico 24 horas juiz de fora)"
aparelho,"R$ 3,04",2,40,"0,00","(aparelho para achar vazamento de água, aparelho para detectar vazamento de água, aparelho que detecta vazamento de água)"
hidraulico,"R$ 1,88",2,40,"0,00","(bombeiro hidraulico uberlandia, bombeiro hidraulico, bombeiro hidraulico juiz de fora)"
descobrir,"R$ 6,93",7,40,"0,00","(como descobrir vazamento de agua, como descobrir onde está o vazamento de água, como descobrir a origem de um vazamento)"
caixa,"R$ 1,93",1,39,"0,00","(vazamento em caixa d água de concreto, caixa de descarga vazando, caixa de descarga vazando água)"
o,"R$ 0,97",1,37,"0,00","(como descobrir onde está o vazamento de água, como tirar o ar do cano da caixa d água, meu telhado está vazando o que fazer)"
no,"R$ 0,86",1,36,"0,00","(goteiras no telhado, vazamento no vaso sanitário, válvula de descarga vazando água no vaso)"
casa,"R$ 1,89",1,36,"0,00","(salete casa do encanador uberlândia, casa do encanador uberlandia, casa do encanador)"
parede,"R$ 3,06",3,36,"0,00","(vazamento de água na parede, registro do chuveiro vazando na parede, como descobrir cano furado na parede)"
que,"R$ 0,97",1,35,"0,00","(aparelho que detecta vazamento de água, aparelho que descobre vazamento de água, aparelho que identifica vazamento de água)"
detector,"R$ 3,45",3,34,"0,00","(detector de vazamento de água, detector de vazamento de água caseiro, aparelho detector de vazamento de água preço)"
vaso,"R$ 1,08",1,34,"0,00","(vazamento dentro do vaso sanitário como resolver, vazamento no vaso sanitário, válvula de descarga vazando água no vaso)"
tirar,"R$ 1,85",1,31,"0,00","(como tirar vazamento de água, como tirar vazamento de laje caseiro, como tirar o ar do cano da caixa d água)"
hidraulica,"R$ 0,60",1,30,"0,00","(hidraulica em uberaba, hidraulica uberlandia, instalação banheiro hidraulica)"
fazer,"R$ 0,97",1,29,"0,00","(como fazer encanação de banheiro, meu telhado está vazando o que fazer, piscina com vazamento o que fazer)"
encanamento,"R$ 2,38",1,29,"0,00","(lista de material para encanamento de banheiro, encanamento de banheiro esgoto, encanamento uberlandia)"
achar,"R$ 3,04",2,28,"0,00","(aparelho para achar vazamento de água, aplicativo para achar vazamento de água, como achar vazamento de água subterrânea)"
infiltração,"R$ 2,25",3,27,"0,00","(infiltração teto banheiro apartamento, infiltração na casa, infiltração na parede interna como resolver)"
descarga,"R$ 0,00",0,27,"0,00","(válvula de descarga astra vazando, válvula de descarga vazando água no vaso, caixa de descarga vazando)"
piscina,"R$ 2,53",3,27,"0,00","(piscina com vazamento o que fazer, vazamento em piscina de alvenaria, como achar vazamento em piscina de alvenaria)"
da,"R$ 1,62",1,24,"0,00","(telefone da hidráulica uberaba, como tirar o ar do cano da caixa d água, casa da direção hidráulica)"
hidráulico,"R$ 3,06",3,24,"0,00","(bombeiro hidráulico, bombeiro hidráulico 24 horas juiz de fora, bombeiro hidráulico em divinópolis)"
válvula,"R$ 0,00",0,24,"0,00","(válvula de descarga astra vazando, válvula de descarga vazando água no vaso, válvula de descarga vazando água)"
cano,"R$ 2,23",2,24,"0,00","(como desentupir cano, como descobrir cano furado na parede, como tirar o ar do cano da caixa d água)"
hydra,"R$ 0,00",0,24,"0,00","(troca de reparo valvula hydra, torneira elétrica hydra vazando por baixo, ja troquei o reparo da valvula hydra e continua vazando)"
como resolver,"R$ 1,08",1,22,"0,00","(como resolver vazamento de água, vazamento dentro do vaso sanitário como resolver, como resolver vazamento de água no vaso sanitário)"
com,"R$ 0,97",1,20,"0,00","(impermeabilização de telhado com manta, piscina com vazamento o que fazer, telhado com goteiras)"
detectar,"R$ 0,97",1,19,"0,00","(como detectar vazamento de água, aparelho para detectar vazamento de água, detectar vazamento de água)"
esgoto,"R$ 2,19",1,19,"0,00","(desentupidora de esgoto, encanamento de banheiro esgoto, desentupidora de esgoto em uberlandia)"
telefone,"R$ 0,00",0,18,"0,00","(encanador uberaba telefone, telefone da hidráulica uberaba, ddl desentupidora araguari telefone)"
preço,"R$ 7,71",3,18,"0,00","(geofone preço, aparelho detector de vazamento de água preço, caça vazamento preço)"
caixa d,"R$ 0,00",0,18,"0,00","(vazamento em caixa d água de concreto, como tirar o ar do cano da caixa d água, vazamento caixa d água)"
vaso sanitário,"R$ 1,08",1,17,"0,00","(vazamento dentro do vaso sanitário como resolver, vazamento no vaso sanitário, como resolver vazamento de água no vaso sanitário)"
desentupir,"R$ 2,19",1,17,"0,00","(como desentupir cano, como desentupir pia, como desentupir cano com soda cáustica)"
registro,"R$ 0,00",0,16,"0,00","(registro do chuveiro vazando na parede, como consertar registro de água vazando, como tirar vazamento do registro de gaveta)"
reparo,"R$ 0,00",0,15,"0,00","(troca de reparo valvula hydra, ja troquei o reparo da valvula hydra e continua vazando, o reparo da válvula hydra)"
chuveiro,"R$ 0,00",0,15,"0,00","(chuveiro saindo água, registro do chuveiro vazando na parede, como consertar chuveiro lorenzetti vazando água por cima)"
apartamento,"R$ 3,06",3,14,"0,00","(infiltração teto banheiro apartamento, vazamento apartamento de cima, como identificar vazamento de gás em apartamento)"
laje,"R$ 1,85",1,14,"0,00","(como tirar vazamento de laje caseiro, como tirar infiltração de laje, como tirar vazamento de laje)"
consertar,"R$ 0,00",0,13,"0,00","(como consertar chuveiro lorenzetti vazando água por cima, como consertar registro de água vazando, como consertar caixa de descarga acoplada vazando)"
caseiro,"R$ 0,86",1,13,"0,00","(detector de vazamento de água caseiro, como tirar vazamento de laje caseiro, como fazer um geofone caseiro)"
instalação,"R$ 0,00",0,13,"0,00","(instalação banheiro hidraulica, como fazer instalação de esgoto de banheiro, como fazer orçamento de instalação hidráulica)"
torneira,"R$ 0,00",0,13,"0,00","(torneira elétrica hydra vazando por baixo, como resolver vazamento de torneira, fechei o registro e continua saindo água da torneira)"
pia,"R$ 1,62",1,12,"0,00","(como desentupir pia, como desentupir pia de cozinha, como desentupir pia de cozinha muito entupida)"
cozinha,"R$ 3,88",3,12,"0,00","(vazamento de gás de cozinha, como desentupir pia de cozinha, como desentupir pia de cozinha muito entupida)"
e,"R$ 0,00",0,11,"0,00","(conserto de calhas e telhados, elétrica e hidráulica perto de mim, fechei o registro e continua saindo água da torneira)"
salete,"R$ 1,89",1,11,"0,00",(salete casa do encanador uberlândia)
aquecedor,"R$ 0,00",0,11,"0,00","(aquecedor solar vazando água na placa, vazamento aquecedor solar, aquecedor solar vazando água)"
um,"R$ 0,85",1,11,"0,00","(como descobrir a origem de um vazamento, como consertar um cano quebrado dentro da parede, como descobrir um vazamento)"
encanadores,"R$ 2,72",2,11,"0,00","(encanadores em uberlândia, encanadores em uberaba, encanadores)"
itumbiara,"R$ 0,84",1,11,"0,00",(encanador itumbiara)
conserto,"R$ 0,89",1,10,"0,00","(conserto telhado vazamento, conserto de calhas e telhados, conserto hidráulico)"
valvula hydra,"R$ 0,00",0,10,"0,00","(troca de reparo valvula hydra, ja troquei o reparo da valvula hydra e continua vazando, reparo de valvula hydra)"
por,"R$ 0,00",0,10,"0,00","(como consertar chuveiro lorenzetti vazando água por cima, torneira elétrica hydra vazando por baixo, chuveiro vazando agua por cima)"
gás,"R$ 2,26",2,10,"0,00","(vazamento de gás de cozinha, cheiro de gás mas não tem vazamento, como detectar vazamento de gás em tubulação)"
reparos,"R$ 4,39",2,10,"0,00","(reparos hidráulicos guaxupé, reparos hidraulicos, apc reparos)"
ituiutaba,"R$ 0,00",0,10,"0,00",(encanador ituiutaba)
está,"R$ 0,00",0,9,"0,00","(como descobrir onde está o vazamento de água, meu telhado está vazando o que fazer, como descobrir onde está o vazamento de água na parede)"
aquecedor solar,"R$ 0,00",0,9,"0,00","(aquecedor solar vazando água na placa, vazamento aquecedor solar, aquecedor solar vazando água)"
acoplada,"R$ 0,00",0,9,"0,00","(caixa de descarga acoplada vazando, como consertar caixa de descarga acoplada vazando, como tirar vazamento da caixa acoplada)"
mg,"R$ 0,00",0,9,"0,00","(desentupidora em uberaba mg, encanador patrocinio mg, bombeiro hidraulico viçosa mg)"
central,"R$ 0,00",0,9,"0,00","(central vazamentos, central de vazamentos, central vazamentos uberlandia)"
cima,"R$ 1,57",1,8,"0,00","(como consertar chuveiro lorenzetti vazando água por cima, vazamento apartamento de cima, chuveiro vazando agua por cima)"
a,"R$ 0,00",0,8,"0,00","(como descobrir a origem de um vazamento, caixa d água vazando a noite, como fazer a caixinha de descarga parar de vazar)"
hidraulicos,"R$ 0,00",0,8,"0,00","(reparos hidraulicos, serviços hidraulicos, bombeiros hidraulicos em divinopolis mg)"
o teto,"R$ 1,49",2,8,"0,00","(infiltração teto banheiro apartamento, como arrumar infiltração no teto, goteira no teto do apartamento)"
dentro,"R$ 1,08",1,8,"0,00","(vazamento dentro do vaso sanitário como resolver, chuveiro vazando água dentro, como consertar um cano quebrado dentro da parede)"
ar,"R$ 0,00",0,7,"0,00","(como tirar o ar do cano da caixa d água, como resolver entrada de ar no cano, como tirar ar de canos de água)"
goteiras,"R$ 0,00",0,7,"0,00","(goteiras no telhado, telhado com goteiras, produto para tapar goteiras)"
de mim,"R$ 2,32",1,7,"0,00","(encanador 24 horas perto de mim, encanador perto de mim, elétrica e hidráulica perto de mim)"
identificar,"R$ 4,17",4,7,"0,00","(aparelho para identificar vazamento de água, como identificar vazamento, como identificar vazamento de agua em casa)"
perto de,"R$ 2,32",1,7,"0,00","(encanador 24 horas perto de mim, encanador perto de mim, elétrica e hidráulica perto de mim)"
hidráulicos,"R$ 2,32",1,7,"0,00","(reparos hidráulicos guaxupé, serviços hidráulicos residenciais, reparos hidráulicos perto de mim)"
empresa,"R$ 2,38",1,7,"0,00","(empresa de vazamento de água, empresa de encanamento, empresa de hidráulica residencial)"
detecta vazamento,"R$ 0,00",0,6,"0,00","(aparelho que detecta vazamento de água, aparelho que detecta vazamento, aparelho que detecta vazamentos)"
não,"R$ 0,00",0,6,"0,00","(cheiro de gás mas não tem vazamento, descarga não para de sair água, minha torneira não para de pingar)"
localiza vazamento,"R$ 0,00",0,6,"0,00","(localiza vazamento, localiza vazamento de agua)"
astra,"R$ 0,00",0,6,"0,00",(válvula de descarga astra vazando)
residencial,"R$ 0,00",0,6,"0,00","(encanador hidráulico residencial, empresa de hidráulica residencial, encanador residencial)"
caca vazamento,"R$ 0,00",0,6,"0,00","(caca vazamento, caca vazamento preco)"
de minas,"R$ 0,00",0,6,"0,00","(encanador patos de minas, bombeiro hidraulico patos de minas)"
arrumar,"R$ 0,00",0,6,"0,00","(arrumar caixa d água, arrumar telhado, como arrumar descarga vazando)"
serviços,"R$ 0,00",0,6,"0,00","(serviços hidraulicos, serviços hidráulicos residenciais, serviços de bombeiro hidraulico)"
por baixo,"R$ 0,00",0,6,"0,00","(torneira elétrica hydra vazando por baixo, meu tanquinho esta vazando agua por baixo, minha privada esta vazando agua por baixo)"
patos de,"R$ 0,00",0,6,"0,00","(encanador patos de minas, bombeiro hidraulico patos de minas)"
azulejo,"R$ 0,00",0,6,"0,00","(como consertar vazamento de piscina de azulejo, como tirar vazamento de piscina de azulejo, como vedar vazamento em piscina de azulejo)"
encanação,"R$ 0,00",0,5,"0,00","(como fazer encanação de banheiro, como fazer encanação de um banheiro, encanação hidráulica)"
de fora,"R$ 0,00",0,5,"0,00","(bombeiro hidráulico 24 horas juiz de fora, bombeiro hidraulico juiz de fora)"
material,"R$ 0,00",0,5,"0,00",(lista de material para encanamento de banheiro)
furado,"R$ 1,01",1,5,"0,00","(como descobrir cano furado na parede, cano de cobre furado, cano pvc furado)"
fossa,"R$ 0,00",0,5,"0,00","(desentupidora de fossa, empresa que limpa fossa)"
lista,"R$ 0,00",0,5,"0,00",(lista de material para encanamento de banheiro)
onde,"R$ 0,00",0,5,"0,00","(como descobrir onde está o vazamento de água, como descobrir onde esta vazando agua, como descobrir onde está o vazamento de água na parede)"
vaso sanitario,"R$ 0,00",0,5,"0,00","(vaso sanitario vazando, vaso sanitario vazando água, encanamento vaso sanitario)"
alvenaria,"R$ 0,83",1,5,"0,00","(vazamento em piscina de alvenaria, como achar vazamento em piscina de alvenaria, minha piscina de alvenaria esta vazando o que fazer)"
manta,"R$ 0,00",0,5,"0,00","(impermeabilização de telhado com manta, manta líquida para telhado, manta para telhado vazamento)"
juiz de,"R$ 0,00",0,5,"0,00","(bombeiro hidráulico 24 horas juiz de fora, bombeiro hidraulico juiz de fora)"
tem vazamento,"R$ 0,00",0,5,"0,00","(cheiro de gás mas não tem vazamento, como descobrir se tem vazamento de agua na casa, como saber se tem vazamento de agua)"
fazer quando,"R$ 0,00",0,5,"0,00","(o que fazer quando a descarga não para de sair água, o que fazer quando a laje está vazando, o que fazer quando a torneira fica pingando)"
ddl,"R$ 0,00",0,5,"0,00","(ddl araguari, ddl desentupidora araguari telefone)"
esta vazando,"R$ 0,00",0,4,"0,00","(como descobrir onde esta vazando agua, meu tanquinho esta vazando agua por baixo, minha piscina de alvenaria esta vazando o que fazer)"
guaxupé,"R$ 0,00",0,4,"0,00",(reparos hidráulicos guaxupé)
hidraulicas,"R$ 5,78",2,4,"0,00","(instalações hidraulicas piscina, peças hidraulicas de pvc, preço de conexões hidraulicas)"
se tem,"R$ 0,00",0,4,"0,00","(como descobrir se tem vazamento de agua na casa, como saber se tem vazamento de agua, como saber se tem vazamento de agua em casa)"
minha,"R$ 0,00",0,4,"0,00","(minha laje está vazando o que fazer, minha piscina de alvenaria esta vazando o que fazer, minha privada esta vazando agua por baixo)"
profissional,"R$ 1,00",1,4,"0,00","(detector de vazamento de água profissional, encanador profissional, geofone profissional)"
elétrica,"R$ 0,00",0,4,"0,00","(torneira elétrica hydra vazando por baixo, elétrica e hidráulica perto de mim, hidelma hidráulica elétrica e manutenção ltda)"
valor,"R$ 0,00",0,4,"0,00","(qual o valor da diária de um encanador, qual o valor do reparo da válvula hydra, valor do geofone)"
saindo,"R$ 0,00",0,4,"0,00","(chuveiro saindo água, fechei o registro e continua saindo água da torneira)"
gas,"R$ 0,00",0,4,"0,00","(gas encanado vazando, o que fazer quando gas ta vazando, vazamento de gas)"
subterrânea,"R$ 0,00",0,4,"0,00",(como achar vazamento de água subterrânea)
manutenção,"R$ 0,60",1,4,"0,00","(hidelma hidráulica elétrica e manutenção ltda, manutenção de caixa d água, manutenção hidraulica)"
encontrar vazamento,"R$ 2,92",3,4,"0,00","(como encontrar vazamento de água, como encontrar vazamento de agua no chão, encontrar vazamento de água)"
placa,"R$ 0,00",0,4,"0,00","(aquecedor solar vazando água na placa, vazamento placa aquecedor solar)"
de concreto,"R$ 0,00",0,4,"0,00","(vazamento em caixa d água de concreto, vazamento piscina de concreto)"
catalao,"R$ 3,94",3,4,"0,00",(encanador catalao)
paulo,"R$ 0,00",0,4,"0,00",(hidráulica são paulo)
aplicativo,"R$ 0,00",0,4,"0,00",(aplicativo para achar vazamento de água)
são,"R$ 0,00",0,4,"0,00",(hidráulica são paulo)
clube,"R$ 0,82",1,4,"0,00",(clube do vazamento)
canos,"R$ 0,00",0,3,"0,00","(como desentupir canos obstruidos, como tirar ar de canos de água, entrada de ar nos canos como resolver)"
oculto,"R$ 0,00",0,3,"0,00","(laudo de vazamento de água oculto, vazamento oculto, vazamento oculto de água)"
borracha,"R$ 0,00",0,3,"0,00","(borracha liquida para telhado, entrando água pela borracha da porta)"
franca,"R$ 0,00",0,3,"0,00","(caça vazamento em franca sp, encanador franca, encanador franca sp)"
projeto,"R$ 0,00",0,3,"0,00","(projeto de encanamento de banheiro, projeto hidraulica banheiro, projeto hidráulico banheiro simples)"
goteira,"R$ 0,00",0,3,"0,00","(como arrumar telhado com goteira, goteira em telhado, goteira no teto do apartamento)"
santa,"R$ 0,00",0,3,"0,00","(desentupidora uberlândia santa mônica, encanador uberlandia santa monica, hidraulica santa luzia)"
descobre vazamento,"R$ 0,00",0,3,"0,00","(aparelho que descobre vazamento de água, empresa que descobre vazamento de água)"
saber,"R$ 0,00",0,3,"0,00","(como saber se tem vazamento de agua, como saber se tem vazamento de agua em casa, como saber se tem vazamento de água)"
direção,"R$ 1,93",1,3,"0,00","(casa da direção hidráulica, oficina de direção hidráulica mais próxima, retifica caixa de direção hidráulica preço)"
fechado,"R$ 0,00",0,3,"0,00","(registro geral fechado água vazando, vazamento mesmo com registro fechado)"
tubulação,"R$ 0,00",0,3,"0,00","(como detectar vazamento de gás em tubulação, tubulação hidráulica de piscina, vazamento tubulação piscina)"
encanador ituverava,"R$ 0,00",0,3,"0,00","(encanador ituverava, casa do encanador ituverava)"
simples,"R$ 0,00",0,3,"0,00","(encanamento de banheiro simples, encanamento de piscina simples, projeto hidráulico banheiro simples)"
meu,"R$ 0,00",0,3,"0,00","(meu telhado está vazando o que fazer, meu tanquinho esta vazando agua por baixo)"
preto,"R$ 0,00",0,3,"0,00","(bombeiro hidraulico ouro preto, caça vazamento rio preto, caça vazamentos em ribeirão preto)"
e continua,"R$ 0,00",0,3,"0,00","(fechei o registro e continua saindo água da torneira, ja troquei o reparo da valvula hydra e continua vazando, troquei o reparo da válvula docol e continua vazando no vaso)"
medidas,"R$ 0,00",0,3,"0,00","(instalação hidráulica banheiro medidas pdf, medidas hidráulica de banheiro, medidas hidráulica de água e esgoto do banheiro)"
divinópolis,"R$ 0,00",0,3,"0,00",(bombeiro hidráulico em divinópolis)
desentupidor,"R$ 0,00",0,3,"0,00",(desentupidor)
lorenzetti vazando,"R$ 0,00",0,3,"0,00","(como consertar chuveiro lorenzetti vazando água por cima, torneira lorenzetti vazando embaixo)"
embaixo,"R$ 0,00",0,3,"0,00","(torneira lorenzetti vazando embaixo, vaso sanitário com vazamento embaixo, vazamento embaixo da pia da cozinha)"
hydra antiga,"R$ 0,00",0,3,"0,00","(reparo válvula hydra antiga preço, válvula hydra antiga vazando dentro do vaso, válvula hydra antiga vazando no vaso)"
pvc,"R$ 0,00",0,3,"0,00","(cano pvc furado, como consertar cano de pvc rachado, peças hidraulicas de pvc)"
troca,"R$ 0,00",0,3,"0,00",(troca de reparo valvula hydra)
produto para,"R$ 0,00",0,3,"0,00","(produto para tapar goteiras, produto para tirar vazamento de telha brasilit, produto para vazamento na laje)"
pingando,"R$ 0,00",0,3,"0,00","(o que fazer quando a torneira fica pingando, torneira da pia pingando como resolver, torneira de cozinha pingando)"
tabela,"R$ 0,00",0,3,"0,00","(tabela de preço de encanador, tabela de preço instalação hidráulica, tabela preço encanador)"
ralo,"R$ 0,00",0,3,"0,00","(como desentupir ralo, como desentupir ralo de banheiro cheio de água, desentupidora de ralo)"
liquida,"R$ 0,00",0,2,"0,00",(borracha liquida para telhado)
no chao,"R$ 0,00",0,2,"0,00","(como descobrir cano furado no chao, vazamento no chao do banheiro)"
olimpia,"R$ 1,38",1,2,"0,00",(encanador na vila olimpia)
impermeabilização,"R$ 0,00",0,2,"0,00",(impermeabilização de telhado com manta)
fica,"R$ 0,00",0,2,"0,00","(o que fazer quando a torneira fica pingando, porque o chuveiro fica vazando água por cima)"
patrocinio,"R$ 0,00",0,2,"0,00",(encanador patrocinio mg)
gaveta,"R$ 0,00",0,2,"0,00",(como tirar vazamento do registro de gaveta)
de sair,"R$ 0,00",0,2,"0,00","(descarga não para de sair água, o que fazer quando a descarga não para de sair água)"
serviço de,"R$ 0,00",0,2,"0,00","(serviço de desentupimento de pia, serviço de encanador)"
docol,"R$ 0,00",0,2,"0,00","(como tirar vazamento da válvula docol, troquei o reparo da válvula docol e continua vazando no vaso)"
deca,"R$ 0,00",0,2,"0,00","(descarga vazando água no vaso deca, vazamento caixa acoplada deca)"
vidro,"R$ 0,00",0,2,"0,00",(cobertura de vidro vazando)
telha,"R$ 0,00",0,2,"0,00","(produto para tirar vazamento de telha brasilit, telha vazando)"
entrada de,"R$ 0,00",0,2,"0,00","(como resolver entrada de ar no cano, entrada de ar nos canos como resolver)"
em goiania,"R$ 0,00",0,2,"0,00","(desentupidora em goiania, vazamento de agua em goiania)"
vinil,"R$ 0,00",0,2,"0,00","(piscina de vinil baixando agua, vazamento piscina vinil)"
sabesp,"R$ 0,00",0,2,"0,00","(teste de vazamento sabesp, vazamento no cavalete de água sabesp)"
franca sp,"R$ 0,00",0,2,"0,00","(caça vazamento em franca sp, encanador franca sp)"
procurar vazamento,"R$ 0,00",0,2,"0,00","(aparelho para procurar vazamento de água, procurar vazamento de água)"
copasa,"R$ 0,00",0,2,"0,00",(vazamento de agua copasa)
baixando,"R$ 0,00",0,2,"0,00","(piscina baixando água, piscina de vinil baixando agua)"
em predio,"R$ 1,19",1,2,"0,00","(como descobrir vazamento de agua em predio, vazamento de banheiro em predio)"
origem,"R$ 0,00",0,2,"0,00",(como descobrir a origem de um vazamento)
cuiaba,"R$ 0,00",0,2,"0,00",(encanador cuiaba)
telhados,"R$ 0,00",0,2,"0,00",(conserto de calhas e telhados)
barato,"R$ 0,00",0,2,"0,00",(caça vazamento barato)
tapar,"R$ 0,00",0,2,"0,00","(como tapar furo no telhado, produto para tapar goteiras)"
troquei o,"R$ 0,00",0,2,"0,00","(ja troquei o reparo da valvula hydra e continua vazando, troquei o reparo da válvula docol e continua vazando no vaso)"
andar,"R$ 0,00",0,2,"0,00","(como fazer o encanamento do banheiro no segundo andar, infiltração andar de cima)"
de pingar,"R$ 0,00",0,2,"0,00","(minha torneira não para de pingar, porque o chuveiro não para de pingar)"
defina,"R$ 0,00",0,2,"0,00",(defina vazamento)
quem,"R$ 0,00",0,2,"0,00","(quem mexe com caixa d água, vazamento de gás quem chamar)"
teste de,"R$ 0,00",0,2,"0,00","(teste de vazamento, teste de vazamento sabesp)"
eletrônico,"R$ 0,00",0,2,"0,00",(geofone eletrônico)
pela,"R$ 0,00",0,2,"0,00","(entrando água pela borracha da porta, água escorrendo pela lâmpada o que fazer)"
calhas,"R$ 0,00",0,2,"0,00",(conserto de calhas e telhados)
residenciais,"R$ 0,00",0,2,"0,00",(serviços hidráulicos residenciais)
lâmpada o,"R$ 0,00",0,2,"0,00","(infiltração na lâmpada o que fazer, água escorrendo pela lâmpada o que fazer)"
qual o,"R$ 0,00",0,2,"0,00","(qual o valor da diária de um encanador, qual o valor do reparo da válvula hydra)"
vasamento,"R$ 0,00",0,2,"0,00",(vasamento)
oficina,"R$ 0,00",0,2,"0,00","(oficina de direção hidráulica mais próxima, oficina hidraulica)"
definitivamente,"R$ 0,00",0,2,"0,00",(como tirar vazamento do telhado definitivamente)
equipamento,"R$ 0,00",0,2,"0,00","(equipamento detector de vazamento de agua, equipamento para detectar vazamento de água)"
chuva,"R$ 0,00",0,2,"0,00","(infiltração chuva apartamento, infiltração de água da chuva na parede)"
ver vazamento,"R$ 0,00",0,2,"0,00","(aparelho para ver vazamento de agua, aparelho para ver vazamento de água)"
porque o,"R$ 0,00",0,2,"0,00","(porque o chuveiro fica vazando água por cima, porque o chuveiro não para de pingar)"
interna,"R$ 0,00",0,2,"0,00",(infiltração na parede interna como resolver)
vila,"R$ 1,38",1,2,"0,00",(encanador na vila olimpia)
identificador,"R$ 0,00",0,2,"0,00",(identificador de vazamento de água)
cobertura,"R$ 0,00",0,2,"0,00",(cobertura de vidro vazando)
caçador de,"R$ 0,00",0,2,"0,00","(caçador de vazamento de água, caçador de vazamentos)"
quanto custa,"R$ 0,85",1,2,"0,00","(quanto custa consertar telhado, quanto custa um ponto de hidráulica)"
geral,"R$ 0,00",0,2,"0,00",(registro geral fechado água vazando)
identifica,"R$ 0,00",0,2,"0,00",(aparelho que identifica vazamento de água)
condominio,"R$ 0,00",0,2,"0,00","(infiltração telhado condominio, vazamento de gas condominio)"
hidrometro,"R$ 0,00",0,2,"0,00","(registro do hidrometro vazando, vazamento hidrometro)"
e fria,"R$ 0,00",0,2,"0,00","(instalação agua quente e fria banheiro, instalação hidráulica de banheiro água quente e fria)"
anápolis,"R$ 0,00",0,2,"0,00",(encanador anápolis)
quente e,"R$ 0,00",0,2,"0,00","(instalação agua quente e fria banheiro, instalação hidráulica de banheiro água quente e fria)"
detecção,"R$ 0,00",0,2,"0,00","(detecção de vazamentos, detecção vazamento de água)"
dei,"R$ 0,00",0,1,"0,00",(dei pro encanador)
alvo,"R$ 0,00",0,1,"0,00",(desentupidora alvo certo)
preco,"R$ 0,00",0,1,"0,00",(caca vazamento preco)
acabar,"R$ 0,00",0,1,"0,00",(como acabar com vazamento no vaso sanitário)
orçamento,"R$ 0,00",0,1,"0,00",(como fazer orçamento de instalação hidráulica)
hidelma,"R$ 0,00",0,1,"0,00",(hidelma hidráulica elétrica e manutenção ltda)
relatório,"R$ 0,00",0,1,"0,00",(relatório de vazamento de água)
rinnai,"R$ 0,00",0,1,"0,00",(aquecedor rinnai vazando água)
cuba,"R$ 0,00",0,1,"0,00",(pia vazando na cuba)
bbb,"R$ 0,00",0,1,"0,00",(bbb vazamentos)
vedar,"R$ 0,00",0,1,"0,00",(como vedar vazamento em piscina de azulejo)
1,"R$ 0,00",0,1,"0,00",(reparo valvula hydra luxo 1 1 2)
2,"R$ 0,00",0,1,"0,00",(reparo valvula hydra luxo 1 1 2)
laudo,"R$ 0,00",0,1,"0,00",(laudo de vazamento de água oculto)
ltda,"R$ 0,00",0,1,"0,00",(hidelma hidráulica elétrica e manutenção ltda)
fezes,"R$ 0,00",0,1,"0,00",(como desentupir vaso sanitário com fezes)
cheio,"R$ 0,00",0,1,"0,00",(como desentupir ralo de banheiro cheio de água)
responsabilidade,"R$ 0,00",0,1,"0,00",(cano estourado responsabilidade)
embutido,"R$ 0,00",0,1,"0,00",(como tirar vazamento de telhado embutido)
brasil,"R$ 0,00",0,1,"0,00",(hidraulica brasil)
parte,"R$ 0,00",0,1,"0,00",(parte hidráulica de banheiro)
dr,"R$ 0,00",0,1,"0,00",(dr vazamento)
aberto,"R$ 0,00",0,1,"0,00",(registro de água aberto e não sai água)
getninjas,"R$ 0,00",0,1,"0,00",(getninjas encanador)
residência,"R$ 0,00",0,1,"0,00",(como achar vazamento de água em residência)
lafaiete,"R$ 0,00",0,1,"0,00",(bombeiro hidraulico conselheiro lafaiete)
araxa,"R$ 0,00",0,1,"0,00",(bombeiro hidraulico araxa)
acha,"R$ 0,00",0,1,"0,00",(encanador que acha vazamento)
apartamentos,"R$ 0,00",0,1,"0,00",(vazamento entre apartamentos)
instalações,"R$ 0,00",0,1,"0,00",(instalações hidraulicas piscina)
uma,"R$ 0,00",0,1,"0,00",(como resolver uma infiltração na parede)
poços,"R$ 0,00",0,1,"0,00",(hidraulica ramos poços de caldas)
conexão,"R$ 0,00",0,1,"0,00",(conexão hidraulica jic)
urgente,"R$ 0,00",0,1,"0,00",(encanador urgente)
obstruidos,"R$ 0,00",0,1,"0,00",(como desentupir canos obstruidos)
calha,"R$ 0,00",0,1,"0,00",(calha vazando na parede)
rachado,"R$ 0,00",0,1,"0,00",(como consertar cano de pvc rachado)
blukit,"R$ 2,07",1,1,"0,00",(reparos blukit)
é,"R$ 0,00",0,1,"0,00",(o que é bombeiro hidraulico)
pdf,"R$ 0,00",0,1,"0,00",(instalação hidráulica banheiro medidas pdf)
ramos,"R$ 0,00",0,1,"0,00",(hidraulica ramos poços de caldas)
tanque,"R$ 0,00",0,1,"0,00",(como desentupir tanque)
servico,"R$ 0,00",0,1,"0,00",(servico hidraulico)
filtro,"R$ 0,00",0,1,"0,00",(como tirar vazamento do filtro da piscina)
slim,"R$ 0,00",0,1,"0,00",(torneira hydra slim 4t vazando por baixo)
vazar,"R$ 0,00",0,1,"0,00",(como fazer a caixinha de descarga parar de vazar)
canalizacao,"R$ 0,00",0,1,"0,00",(canalizacao)
ultra,"R$ 0,00",0,1,"0,00",(ultra som geofone)
desentupimento,"R$ 0,00",0,1,"0,00",(serviço de desentupimento de pia)
paolino,"R$ 0,00",0,1,"0,00",(catarina paolino vazamentos)
rio,"R$ 0,00",0,1,"0,00",(caça vazamento rio preto)
paredes,"R$ 0,00",0,1,"0,00",(detector de vazamento de água em paredes)
cheiro,"R$ 0,00",0,1,"0,00",(cheiro de gás mas não tem vazamento)
caixinha,"R$ 0,00",0,1,"0,00",(como fazer a caixinha de descarga parar de vazar)
ja,"R$ 0,00",0,1,"0,00",(ja troquei o reparo da valvula hydra e continua vazando)
catarina,"R$ 0,00",0,1,"0,00",(catarina paolino vazamentos)
jm,"R$ 0,00",0,1,"0,00",(jm hidraulica)
retifica,"R$ 1,93",1,1,"0,00",(retifica caixa de direção hidráulica preço)
conselheiro,"R$ 0,00",0,1,"0,00",(bombeiro hidraulico conselheiro lafaiete)
termografia,"R$ 0,00",0,1,"0,00",(termografia vazamento)
mas,"R$ 0,00",0,1,"0,00",(cheiro de gás mas não tem vazamento)
pouso,"R$ 0,00",0,1,"0,00",(encanador pouso alegre)
hervy,"R$ 0,00",0,1,"0,00",(reparo caixa acoplada hervy)
noite,"R$ 0,00",0,1,"0,00",(caixa d água vazando a noite)
encanamentos,"R$ 0,00",0,1,"0,00",(araguari encanamentos)
mais,"R$ 0,00",0,1,"0,00",(oficina de direção hidráulica mais próxima)
som,"R$ 0,00",0,1,"0,00",(ultra som geofone)
