Palavra-chave da rede de pesquisa,Tipo de corresp.,Status do critério,Status da campanha,Status do grupo de anúncios,Custo,Cliques,CTR
encanador desentupidor,Correspondência ampla,Ativado,Ativado,Ativado,"R$ 90,62",238,"8,08%"
encanador 24 horas,Correspondência ampla,Ativado,Ativado,Ativado,"R$ 78,79",73,"10,66%"
Caça vazamentos,Correspondência ampla,Ativado,Pausado,Ativado,"R$ 71,91",69,"2,28%"
vazamento de água,Correspondência ampla,Ativado,Pausado,Ativado,"R$ 67,27",86,"1,58%"
vazamento,Correspondência ampla,Ativado,Ativado,Ativado,"R$ 48,82",60,"1,61%"
empresa de caça vazamentos,Correspondência ampla,Ativado,Pausado,Ativado,"R$ 26,71",21,"5,16%"
bombeiro hidráulico,Correspondência ampla,Ativado,Ativado,Ativado,"R$ 18,49",20,"5,95%"
geofone,Correspondência ampla,Ativado,Pausado,Ativado,"R$ 16,57",13,"5,63%"
encanador 24h,Correspondência ampla,Ativado,Ativado,Ativado,"R$ 13,36",60,"17,09%"
serviços hidraulicos,Correspondência ampla,Ativado,Ativado,Ativado,"R$ 13,19",9,"1,03%"
encanador 24horas,Correspondência ampla,Ativado,Pausado,Ativado,"R$ 12,57",12,"3,13%"
encanador uberlandia,Correspondência ampla,Ativado,Ativado,Ativado,"R$ 10,53",8,"5,23%"
vazamento em telhados,Correspondência ampla,Ativado,Pausado,Ativado,"R$ 10,46",10,"1,63%"
encanador profissional,Correspondência ampla,Ativado,Ativado,Ativado,"R$ 6,22",5,"1,34%"
bombeiro hidraulico,Correspondência ampla,Ativado,Ativado,Ativado,"R$ 5,83",2,"2,17%"
localizacao de vazamento,Correspondência ampla,Ativado,Ativado,Ativado,"R$ 4,89",5,"4,27%"
Vazamento em tubulações,Correspondência ampla,Removido,Pausado,Ativado,"R$ 4,06",2,"4,44%"
encanador hidráulico 24 horas,Correspondência ampla,Ativado,Ativado,Ativado,"R$ 3,38",2,"5,13%"
vazamento em tubulações,Correspondência ampla,Ativado,Pausado,Ativado,"R$ 3,35",3,"0,60%"
vazamento de gás,Correspondência ampla,Ativado,Pausado,Ativado,"R$ 3,22",3,"0,66%"
localização de vazamentos,Correspondência ampla,Ativado,Pausado,Ativado,"R$ 3,20",7,"1,45%"
encanador urgente,Correspondência ampla,Ativado,Ativado,Ativado,"R$ 3,00",4,"2,25%"
empresa de encanamento,Correspondência ampla,Ativado,Ativado,Ativado,"R$ 2,79",2,"1,32%"
encanador em uberlândia,Correspondência ampla,Ativado,Ativado,Ativado,"R$ 0,08",1,"6,25%"
manutenção preventiva,Correspondência ampla,Ativado,Pausado,Ativado,"R$ 0,00",0,"0,00%"
vazamento em piscinas,Correspondência ampla,Ativado,Pausado,Ativado,"R$ 0,00",0,"0,00%"
Vazamento de água,Correspondência ampla,Removido,Pausado,Ativado,"R$ 0,00",0,"0,00%"
encanador 24,Correspondência ampla,Ativado,Pausado,Ativado,"R$ 0,00",0,"0,00%"
Empresa de caça vazamentos,Correspondência ampla,Removido,Pausado,Ativado,"R$ 0,00",0,"0,00%"
Vazamento em telhados,Correspondência ampla,Removido,Pausado,Ativado,"R$ 0,00",0,"0,00%"
Perda de água,Correspondência ampla,Ativado,Pausado,Ativado,"R$ 0,00",0,"0,00%"
Identificação de vazamentos,Correspondência ampla,Ativado,Pausado,Ativado,"R$ 0,00",0,"0,00%"
Conservação de recursos hídricos,Correspondência ampla,Ativado,Pausado,Ativado,"R$ 0,00",0,"0,00%"
Vazamentos industriais,Correspondência ampla,Ativado,Pausado,Ativado,"R$ 0,00",0,"0,00%"
vazamentos,Correspondência ampla,Ativado,Ativado,Ativado,"R$ 0,00",0,"0,00%"
caça vazamentos,Correspondência ampla,Ativado,Ativado,Ativado,"R$ 0,00",0,"0,00%"
serviço encanador,Correspondência ampla,Ativado,Ativado,Ativado,"R$ 0,00",0,"0,00%"
cano estourado,Correspondência ampla,Ativado,Ativado,Ativado,"R$ 0,00",0,"0,00%"
encanador emergencia,Correspondência ampla,Ativado,Ativado,Ativado,"R$ 0,00",0,"0,00%"
reparos hidraulicos,Correspondência ampla,Ativado,Ativado,Ativado,"R$ 0,00",0,"0,00%"
empresa de encanador,Correspondência ampla,Ativado,Ativado,Ativado,"R$ 0,00",0,"0,00%"
localiza vazamentos,Correspondência ampla,Ativado,Ativado,Ativado,"R$ 0,00",0,"0,00%"
bombeiro hidráulico 24 horas,Correspondência ampla,Ativado,Ativado,Ativado,"R$ 0,00",0,"0,00%"
localização de vazamento,Correspondência ampla,Ativado,Ativado,Ativado,"R$ 0,00",0,"0,00%"
serviços de hidráulica,Correspondência ampla,Ativado,Ativado,Ativado,"R$ 0,00",0,"0,00%"
telefone de encanador,Correspondência ampla,Ativado,Ativado,Ativado,"R$ 0,00",0,"0,00%"
jm hidraulica,Correspondência ampla,Ativado,Ativado,Ativado,"R$ 0,00",0,"0,00%"
encanador hidráulico,Correspondência ampla,Ativado,Ativado,Ativado,"R$ 0,00",0,"0,00%"
conserto hidráulico,Correspondência ampla,Ativado,Ativado,Ativado,"R$ 0,00",0,"0,00%"
serviço de encanador,Correspondência ampla,Ativado,Ativado,Ativado,"R$ 0,00",0,"0,00%"
